{"periods":{"0":{"families":{"0":{"size":1}}},"1":{"families":{"0":{"size":1,"utility":0,"good2":100,"good1":100,"individuals":{"0":{"skills":5,"good1 pref":0.5501638342372609,"children":0,"altruism":0.94,"charity":0.49358418845453267,"future good1":0,"impatience":0.9,"future good2":0,"good2 pref":0.4498361657627391,"good2":100,"id":0,"good1":100}}}}},"2":{"families":{"0":{"size":1,"utility":100,"good2":76,"good1":76,"individuals":{"0":{"skills":5,"good1 pref":0.5501638342372609,"children":0,"altruism":0.94,"charity":0.49358418845453267,"future good1":76,"impatience":0.9,"future good2":76,"good2 pref":0.4498361657627391,"good2":76,"id":0,"good1":76}}}}},"3":{"families":{"0":{"size":2,"utility":166,"good2":21,"good1":21,"individuals":{"0":{"skills":5,"good1 pref":0.5501638342372609,"children":1,"altruism":0.94,"charity":0.49358418845453267,"future good1":11,"impatience":0.9,"future good2":11,"good2 pref":0.4498361657627391,"good2":11,"id":0,"good1":11}}}}},"4":{"families":{"0":{"size":2,"utility":177,"good2":14,"good1":14,"individuals":{"0":{"skills":5,"good1 pref":0.5501638342372609,"children":1,"altruism":0.94,"charity":0.49358418845453267,"future good1":4,"impatience":0.9,"future good2":4,"good2 pref":0.4498361657627391,"good2":4,"id":0,"good1":4},"1":{"skills":8,"good1 pref":0.8473801117333494,"children":0,"altruism":0.9376538791228727,"charity":0.6344168077384051,"future good1":0,"impatience":0.8421222326067951,"future good2":0,"good2 pref":0.15261988826665063,"good2":10,"id":1,"good1":10}}}}},"5":{"families":{"0":{"size":2,"utility":191,"good2":6,"good1":6,"individuals":{"0":{"skills":5,"good1 pref":0.5501638342372609,"children":1,"altruism":0.94,"charity":0.49358418845453267,"future good1":0,"impatience":0.9,"future good2":0,"good2 pref":0.4498361657627391,"good2":0,"id":0,"good1":0},"1":{"skills":8,"good1 pref":0.8473801117333494,"children":0,"altruism":0.9376538791228727,"charity":0.6344168077384051,"future good1":6,"impatience":0.8421222326067951,"future good2":6,"good2 pref":0.15261988826665063,"good2":6,"id":1,"good1":6}}}}},"6":{"families":{"0":{"size":1,"utility":16,"good2":0,"good1":0,"individuals":{"1":{"skills":8,"good1 pref":0.8473801117333494,"children":0,"altruism":0.9376538791228727,"charity":0.6344168077384051,"future good1":0,"impatience":0.8421222326067951,"future good2":0,"good2 pref":0.15261988826665063,"good2":0,"id":1,"good1":0}}}}},"7":{"families":{}},"8":{"families":{}},"9":{"families":{}},"10":{"families":{}}}}