{"periods":{"0":{"families":{"0":{"size":1}}},"1":{"families":{"0":{"size":1,"utility":0,"good2":100,"good1":100,"individuals":{"0":{"skills":7,"good1 pref":0.41059837783863673,"children":0,"altruism":0.94,"charity":0.8387815511980509,"future good1":0,"impatience":0.9,"future good2":0,"good2 pref":0.5894016221613633,"good2":100,"id":0,"good1":100}}}}},"2":{"families":{"0":{"size":1,"utility":100.00000000000017,"good2":81,"good1":81,"individuals":{"0":{"skills":7,"good1 pref":0.41059837783863673,"children":0,"altruism":0.94,"charity":0.8387815511980509,"future good1":81,"impatience":0.9,"future good2":81,"good2 pref":0.5894016221613633,"good2":81,"id":0,"good1":81}}}}},"3":{"families":{"0":{"size":1,"utility":80.78113720162166,"good2":0,"good1":0,"individuals":{"0":{"skills":7,"good1 pref":0.41059837783863673,"children":1,"altruism":0.94,"charity":0.8387815511980509,"future good1":0,"impatience":0.9,"future good2":0,"good2 pref":0.5894016221613633,"good2":0,"id":0,"good1":0}}}}},"4":{"families":{}},"5":{"families":{}},"6":{"families":{}},"7":{"families":{}},"8":{"families":{}},"9":{"families":{}},"10":{"families":{}}}}